screen_id,state_str,structure_str,vh_json_id,vh_xml_id
com.clowder.sh/states/screen_11.jpg,08b900,dd1dd1,com.clowder.sh/states/state_11.json,com.clowder.sh/states/window_dump_11.xml
com.clowder.sh/states/screen_19.jpg,08b900/b90c6c,dd1dd1/b1c62b,com.clowder.sh/states/state_19.json,com.clowder.sh/states/window_dump_19.xml
com.clowder.sh/states/screen_5.jpg,08b900/81f41a,dd1dd1/ec9bcb,com.clowder.sh/states/state_5.json,com.clowder.sh/states/window_dump_5.xml
com.clowder.sh/states/screen_17.jpg,08b900/0827e9,dd1dd1/78acf1,com.clowder.sh/states/state_17.json,com.clowder.sh/states/window_dump_17.xml
com.clowder.sh/states/screen_10.jpg,08b900/38150f,dd1dd1/78acf1,com.clowder.sh/states/state_10.json,com.clowder.sh/states/window_dump_10.xml
com.clowder.sh/states/screen_12.jpg,08b900/0e99d5,dd1dd1/78acf1,com.clowder.sh/states/state_12.json,com.clowder.sh/states/window_dump_12.xml
com.clowder.sh/states/screen_3.jpg,08b900/ce5cf2,dd1dd1/89f3e2,com.clowder.sh/states/state_3.json,com.clowder.sh/states/window_dump_3.xml
com.clowder.sh/states/screen_4.jpg,08b900/badeb6,dd1dd1/82dba2,com.clowder.sh/states/state_4.json,com.clowder.sh/states/window_dump_4.xml
com.clowder.sh/states/screen_21.jpg,08b900/3d5ff5,dd1dd1/82dba2,com.clowder.sh/states/state_21.json,com.clowder.sh/states/window_dump_21.xml
com.clowder.sh/states/screen_22.jpg,08b900/51f2bd,dd1dd1/82dba2,com.clowder.sh/states/state_22.json,com.clowder.sh/states/window_dump_22.xml
com.clowder.sh/states/screen_7.jpg,08b900/72dd87,dd1dd1/a091cd,com.clowder.sh/states/state_7.json,com.clowder.sh/states/window_dump_7.xml
com.clowder.sh/states/screen_14.jpg,08b900/29cd16,dd1dd1/21ec76,com.clowder.sh/states/state_14.json,com.clowder.sh/states/window_dump_14.xml
com.clowder.sh/states/screen_1.jpg,08b900/b4f7f8,dd1dd1/48d356,com.clowder.sh/states/state_1.json,com.clowder.sh/states/window_dump_1.xml
com.clowder.sh/states/screen_23.jpg,08b900/75f9e3,dd1dd1/48d356,com.clowder.sh/states/state_23.json,com.clowder.sh/states/window_dump_23.xml
com.clowder.sh/states/screen_20.jpg,08b900/652978,dd1dd1/21ec76,com.clowder.sh/states/state_20.json,com.clowder.sh/states/window_dump_20.xml
com.clowder.sh/states/screen_13.jpg,08b900/c05850,dd1dd1/21ec76,com.clowder.sh/states/state_13.json,com.clowder.sh/states/window_dump_13.xml
com.clowder.sh/states/screen_25.jpg,08b900/a096d6,dd1dd1/aa8d85,com.clowder.sh/states/state_25.json,com.clowder.sh/states/window_dump_25.xml
com.clowder.sh/states/screen_18.jpg,08b900/b9a01a,dd1dd1/1a13aa,com.clowder.sh/states/state_18.json,com.clowder.sh/states/window_dump_18.xml
com.clowder.sh/states/screen_2.jpg,08b900/ca5e53,dd1dd1/21ec76,com.clowder.sh/states/state_2.json,com.clowder.sh/states/window_dump_2.xml
com.clowder.sh/states/screen_9.jpg,08b900/b5fe98,dd1dd1/aa8d85,com.clowder.sh/states/state_9.json,com.clowder.sh/states/window_dump_9.xml
com.clowder.sh/states/screen_16.jpg,08b900/eb596d,dd1dd1/aa8d85,com.clowder.sh/states/state_16.json,com.clowder.sh/states/window_dump_16.xml
com.clowder.sh/states/screen_6.jpg,08b900/b47d6d,dd1dd1/48d356,com.clowder.sh/states/state_6.json,com.clowder.sh/states/window_dump_6.xml
com.clowder.sh/states/screen_15.jpg,08b900/5d33a7,dd1dd1/21ec76,com.clowder.sh/states/state_15.json,com.clowder.sh/states/window_dump_15.xml
com.clowder.sh/states/screen_8.jpg,08b900/5dd7d7,dd1dd1/48d356,com.clowder.sh/states/state_8.json,com.clowder.sh/states/window_dump_8.xml
com.clowder.sh/states/screen_24.jpg,08b900/5810a0,dd1dd1/48d356,com.clowder.sh/states/state_24.json,com.clowder.sh/states/window_dump_24.xml
